picture_data_id,user_id,image_url,uploaded_at
1,17,http://dooley.com/,1973-09-09 19:40:23
2,8,http://www.fadeldavis.biz/,1974-06-04 08:21:32
3,12,http://mitchell.net/,2000-08-24 22:04:29
4,12,http://www.boscoreichert.com/,2014-07-21 21:37:00
5,15,http://wisozkreilly.org/,2010-06-25 12:10:36
6,4,http://harberhartmann.org/,2013-05-15 11:43:03
7,18,http://www.ruecker.com/,1991-09-24 09:06:16
8,17,http://farrell.com/,2017-01-04 14:32:58
9,16,http://pollich.com/,2018-03-10 11:50:01
10,17,http://www.raynor.com/,1976-10-05 15:32:12
11,1,http://www.murray.biz/,2006-09-15 04:10:35
12,14,http://www.beer.com/,1993-02-08 17:22:22
13,8,http://langschaden.com/,1986-05-20 10:28:25
14,1,http://www.bashirian.com/,1980-08-24 01:39:14
15,11,http://www.berge.org/,1990-08-09 14:38:22
16,10,http://www.volkman.com/,2012-04-24 22:27:46
17,15,http://www.leffler.org/,1993-02-06 20:11:48
18,15,http://www.koepp.net/,1997-09-11 18:23:46
19,9,http://wunsch.com/,2015-10-20 07:25:10
20,19,http://deckow.com/,1983-12-21 04:33:19
21,11,http://www.daugherty.com/,2001-06-15 13:27:15
22,5,http://www.goldner.com/,2011-03-17 00:43:11
23,12,http://www.schuster.net/,1979-03-11 04:23:22
24,15,http://gorczanyhuel.com/,1987-08-08 01:10:14
25,9,http://kunzelittle.info/,2000-10-22 22:41:18
26,3,http://www.hudson.com/,1973-02-02 06:07:11
27,14,http://cristryan.biz/,2013-04-21 00:18:38
28,20,http://www.jenkins.com/,2002-08-25 16:46:17
29,5,http://dickinson.info/,2000-04-16 06:56:26
30,12,http://gulgowski.info/,2001-03-22 10:31:22
31,12,http://www.muller.com/,2016-10-02 13:00:30
32,2,http://goodwin.com/,2008-01-05 17:15:03
33,20,http://www.murphylabadie.org/,1981-12-08 06:31:43
34,3,http://dareswaniawski.com/,2008-08-03 04:00:55
35,14,http://schamberger.com/,1973-11-01 10:59:07
36,15,http://okuneva.net/,2009-02-09 15:37:17
37,6,http://www.moen.net/,1990-08-06 00:18:45
38,11,http://robel.com/,2021-07-30 21:24:32
39,11,http://www.wintheiser.com/,2005-11-24 21:47:08
40,2,http://hansenveum.net/,1979-09-18 19:48:36
41,7,http://wardcole.net/,2008-09-24 00:36:00
42,12,http://kirlin.info/,1994-01-02 11:21:29
43,15,http://www.skiles.com/,1998-05-04 03:35:07
44,15,http://www.ernser.org/,2018-06-25 10:48:43
45,12,http://kiehnemmerich.info/,1977-05-26 23:26:44
46,6,http://www.hermankuvalis.info/,2015-04-27 12:39:22
47,5,http://wunsch.com/,2014-05-12 12:36:49
48,7,http://www.blickcasper.com/,2006-11-25 01:11:32
49,1,http://west.biz/,2013-07-25 09:09:44
50,13,http://www.okeefedoyle.org/,1983-08-01 11:01:56
51,6,http://pagacmosciski.org/,1999-01-09 15:14:42
52,11,http://www.rolfsonmckenzie.info/,2014-12-09 04:13:09
53,17,http://nicolas.info/,2001-12-05 23:29:40
54,18,http://www.tremblayheller.biz/,2014-04-18 04:02:29
55,6,http://robelrogahn.org/,2004-07-23 02:48:36
56,6,http://www.hirthe.info/,1974-11-22 21:46:34
57,20,http://simonisfunk.org/,1995-02-10 14:23:52
58,20,http://www.christiansen.com/,1972-07-11 18:55:46
59,6,http://www.tromp.com/,2015-12-19 11:24:47
60,5,http://purdymcglynn.biz/,2007-12-17 05:45:19
61,12,http://www.heaney.com/,1997-11-18 19:23:13
62,17,http://cassinbeahan.com/,1982-04-09 18:37:57
63,7,http://walterreynolds.net/,2015-01-21 05:49:42
64,11,http://wolfdicki.com/,2000-03-14 20:07:37
65,19,http://www.shields.com/,2016-05-10 01:10:54
66,20,http://www.schmidt.org/,2022-01-29 17:15:28
67,5,http://boyer.com/,1999-02-01 15:20:08
68,5,http://conroy.com/,1983-12-23 07:44:18
69,11,http://www.legroseffertz.com/,1982-01-12 03:03:27
70,16,http://www.hammes.org/,2019-07-07 21:16:18
71,6,http://blanda.com/,1992-04-02 03:03:07
72,18,http://www.kilback.com/,2020-12-18 17:44:59
73,7,http://bins.info/,1970-04-24 11:41:02
74,1,http://www.walter.com/,2021-07-02 12:05:41
75,12,http://www.fritsch.net/,2009-03-23 19:24:11
76,19,http://www.pollich.com/,2005-04-23 12:10:13
77,7,http://bahringer.com/,2008-10-21 13:26:55
78,16,http://glover.com/,1984-05-19 02:51:48
79,5,http://hodkiewicz.com/,1971-06-27 11:37:49
80,7,http://www.stoltenberg.com/,1989-10-18 12:30:14
81,9,http://www.runte.net/,1986-01-03 16:10:21
82,11,http://schambergerstark.com/,2018-07-11 02:34:01
83,18,http://www.simonis.com/,1989-12-31 23:40:44
84,6,http://renner.net/,2008-08-17 10:57:22
85,8,http://www.crona.org/,1984-03-08 01:16:47
86,3,http://www.konopelski.com/,1993-02-24 12:47:50
87,11,http://www.wisoky.com/,2016-06-17 13:58:16
88,8,http://www.kshlerin.biz/,1988-12-29 19:41:43
89,2,http://www.larkinmorar.info/,1976-01-05 00:46:58
90,17,http://www.kemmerfranecki.org/,1974-06-27 17:58:55
91,12,http://hauck.net/,1980-03-31 17:02:15
92,13,http://brown.com/,1979-03-13 01:36:26
93,13,http://franecki.com/,2001-10-04 01:27:31
94,19,http://lockmangreenholt.com/,2011-08-14 04:03:44
95,4,http://www.schumm.com/,2012-05-12 12:14:38
96,12,http://www.krajcikmurphy.com/,1996-04-14 00:05:22
97,19,http://www.tromp.com/,1998-07-17 04:10:36
98,9,http://www.reingermccullough.com/,1978-06-26 21:53:17
99,16,http://pacocha.com/,2016-08-11 23:23:32
100,9,http://www.skiles.com/,2007-04-25 06:31:09
101,4,http://donnelly.org/,1999-09-17 09:25:06
102,2,http://www.rolfsonwilkinson.com/,2006-05-01 03:27:30
103,6,http://www.kassulkemcglynn.com/,1972-03-25 23:04:48
104,11,http://kuhnschamberger.com/,1979-10-22 04:23:25
105,2,http://www.goyettekautzer.biz/,2001-12-07 18:26:26
106,18,http://www.flatleybarton.com/,2007-03-17 22:01:45
107,9,http://www.emmerich.com/,2009-08-11 05:58:02
108,9,http://www.hoppe.com/,2008-10-01 11:46:48
109,13,http://goldnerheaney.com/,1984-03-18 20:08:16
110,14,http://www.batzblick.com/,1978-08-04 08:21:51
111,15,http://www.beier.com/,2011-02-13 14:53:34
112,2,http://www.kemmer.info/,1988-11-12 22:49:07
113,4,http://olsonmarvin.biz/,1977-03-05 06:12:36
114,13,http://www.ritchieschultz.com/,1981-01-24 11:15:26
115,7,http://www.abernathy.com/,1981-07-02 02:23:58
116,12,http://vonrueden.com/,1991-08-05 16:03:00
117,15,http://watersconroy.com/,1980-04-08 09:03:03
118,18,http://www.keeling.org/,2014-12-20 06:52:11
119,19,http://www.brownheaney.com/,1970-11-09 00:48:35
120,17,http://jacobson.info/,2009-11-19 21:28:45
121,14,http://macejkovic.biz/,2017-02-03 04:58:42
122,11,http://kerluke.com/,2019-11-01 12:57:28
123,10,http://nicolas.com/,2007-09-16 00:25:49
124,7,http://oreilly.com/,2005-11-12 21:17:57
125,9,http://windler.com/,1992-04-17 10:49:52
126,13,http://www.boehm.com/,1991-01-19 22:19:17
127,19,http://www.blick.com/,2012-04-28 19:03:51
128,7,http://morissettehagenes.biz/,1990-07-06 19:49:25
129,1,http://heidenreich.org/,1981-10-28 06:40:38
130,14,http://www.quitzon.com/,2001-12-21 09:08:52
131,15,http://emmerichharber.com/,2013-02-28 10:41:23
132,5,http://www.wunschgoyette.org/,1973-07-06 09:33:09
133,16,http://olsonanderson.com/,2018-02-26 23:57:42
134,1,http://greenbalistreri.net/,1981-08-11 14:19:24
135,15,http://schmidt.com/,2012-08-10 02:27:22
136,18,http://www.satterfieldernser.com/,2006-05-06 11:06:58
137,19,http://dickens.com/,2013-09-16 04:35:54
138,3,http://collins.com/,2008-01-13 01:06:41
139,6,http://oconnell.com/,2006-01-07 08:18:21
140,12,http://www.strosin.net/,2008-10-16 12:48:59
141,16,http://www.koss.com/,1999-09-09 19:16:23
142,20,http://www.kerluketrantow.net/,1998-05-07 06:58:40
143,13,http://www.dubuquebauch.com/,1973-05-01 09:05:47
144,20,http://www.considinegutmann.info/,2020-03-10 00:06:10
145,13,http://murray.info/,2009-04-23 22:26:15
146,20,http://beer.net/,1992-05-04 05:17:46
147,12,http://kihncrona.info/,2003-02-02 13:56:58
148,7,http://howell.biz/,1988-08-16 08:48:44
149,18,http://gerhold.com/,2008-07-17 14:39:49
150,10,http://www.nienowfritsch.com/,1975-03-19 01:02:29
151,4,http://heathcoterutherford.biz/,1983-08-03 22:34:22
152,11,http://wolfcremin.com/,1975-01-17 22:39:54
153,20,http://www.tremblay.com/,1998-10-30 23:48:45
154,13,http://walkerterry.com/,1973-01-19 22:10:14
155,18,http://schamberger.biz/,1977-08-29 18:46:06
156,9,http://www.reinger.biz/,2005-06-08 19:52:17
157,5,http://www.purdy.info/,1970-02-16 05:57:27
158,16,http://www.westcummings.com/,2004-02-17 22:15:38
159,15,http://kub.com/,2020-07-28 08:13:20
160,6,http://www.mckenzie.com/,1997-07-22 12:02:23
161,10,http://www.schmeler.com/,2010-07-30 02:58:26
162,10,http://www.turcotte.com/,1975-07-22 03:14:49
163,11,http://www.deckowrosenbaum.net/,1972-11-19 01:59:34
164,5,http://beer.com/,1972-04-06 13:24:54
165,11,http://www.pouros.biz/,1998-06-29 07:18:54
166,5,http://www.hayes.biz/,2002-06-05 04:23:17
167,2,http://www.barton.com/,1992-07-19 11:01:34
168,9,http://zboncakhermiston.com/,1999-07-03 16:52:16
169,8,http://www.labadiezieme.info/,1971-07-20 20:42:30
170,7,http://www.larkin.com/,2017-02-22 18:02:50
171,20,http://boehm.info/,1985-02-20 17:31:01
172,4,http://www.bartonohara.com/,1997-06-21 17:36:14
173,7,http://jakubowskichamplin.info/,1999-12-31 20:22:07
174,12,http://jacobs.com/,1988-06-26 13:31:50
175,4,http://trantowcartwright.com/,1981-10-31 21:37:18
176,19,http://batzroob.com/,1972-01-09 09:55:17
177,12,http://www.beier.biz/,1981-11-19 23:56:34
178,15,http://www.rippinschroeder.com/,2014-06-16 14:11:26
179,6,http://abbott.com/,1999-06-28 16:58:26
180,9,http://www.glover.com/,1980-11-29 09:27:40
181,4,http://www.haag.net/,1998-03-03 09:20:14
182,9,http://hegmann.info/,2016-12-22 09:51:20
183,20,http://www.block.net/,2005-03-18 16:19:09
184,4,http://cassin.biz/,1980-10-18 05:27:49
185,1,http://feil.com/,1975-10-12 22:42:06
186,17,http://heidenreichmurray.com/,1974-07-23 05:50:04
187,12,http://www.oconnell.com/,2014-05-16 18:28:37
188,6,http://www.pfannerstillhoppe.com/,1994-06-16 15:16:22
189,13,http://www.gutkowskirenner.com/,1986-02-15 12:41:08
190,7,http://www.mohrschuster.com/,2010-01-21 01:07:10
191,12,http://mueller.org/,1987-11-16 18:13:53
192,2,http://lebsack.org/,1982-05-08 02:18:09
193,16,http://www.haleybeer.biz/,1981-08-12 12:29:55
194,2,http://schamberger.com/,1971-10-26 15:44:31
195,7,http://www.fadel.info/,2015-04-08 05:18:08
196,7,http://www.zboncakebert.biz/,2020-11-03 03:22:29
197,7,http://www.wolf.com/,1990-07-17 08:45:52
198,8,http://dietrichgusikowski.com/,1971-03-19 12:02:01
199,15,http://schamberger.com/,1984-08-20 20:30:26
200,14,http://zulauf.biz/,1975-07-29 22:15:34
