user_id,first_name,last_name,username,password,contact_info_id,role_id,auto_renew
1,Keenan,Dooley,admin,$2b$10$SKGJvW8fEmzCaBFitFjfw.d5eSIW2QEeiW0Ge.zeyVhOdTG4i0RNG,1,3,0
2,Joana,Boyer,kbayer,$2b$10$SKGJvW8fEmzCaBFitFjfw.d5eSIW2QEeiW0Ge.zeyVhOdTG4i0RNG,2,1,0
3,Clay,Cummings,lonny.becker,$2b$10$SKGJvW8fEmzCaBFitFjfw.d5eSIW2QEeiW0Ge.zeyVhOdTG4i0RNG,3,2,0
4,Octavia,Weimann,brown.homenick,$2b$10$SKGJvW8fEmzCaBFitFjfw.d5eSIW2QEeiW0Ge.zeyVhOdTG4i0RNG,4,3,0
5,Cody,Smith,caesar.stoltenberg,$2b$10$SKGJvW8fEmzCaBFitFjfw.d5eSIW2QEeiW0Ge.zeyVhOdTG4i0RNG,5,2,0
6,Jaleel,Waters,liliane.gleason,$2b$10$SKGJvW8fEmzCaBFitFjfw.d5eSIW2QEeiW0Ge.zeyVhOdTG4i0RNG,6,3,0
7,Haylee,Feest,joany.champlin,$2b$10$SKGJvW8fEmzCaBFitFjfw.d5eSIW2QEeiW0Ge.zeyVhOdTG4i0RNG,7,3,0
8,Susanna,Rolfson,jermaine03,$2b$10$SKGJvW8fEmzCaBFitFjfw.d5eSIW2QEeiW0Ge.zeyVhOdTG4i0RNG,8,1,0
9,Adaline,Denesik,bert87,$2b$10$SKGJvW8fEmzCaBFitFjfw.d5eSIW2QEeiW0Ge.zeyVhOdTG4i0RNG,9,1,0
10,Beryl,Flatley,mylene93,$2b$10$SKGJvW8fEmzCaBFitFjfw.d5eSIW2QEeiW0Ge.zeyVhOdTG4i0RNG,10,3,0
11,Tristian,Prohaska,gglover,$2b$10$SKGJvW8fEmzCaBFitFjfw.d5eSIW2QEeiW0Ge.zeyVhOdTG4i0RNG,11,1,0
12,Greyson,Lynch,yhayes,$2b$10$SKGJvW8fEmzCaBFitFjfw.d5eSIW2QEeiW0Ge.zeyVhOdTG4i0RNG,12,2,0
13,Thomas,Cremin,wunsch.flo,$2b$10$SKGJvW8fEmzCaBFitFjfw.d5eSIW2QEeiW0Ge.zeyVhOdTG4i0RNG,13,2,0
14,Florida,Bailey,gwill,$2b$10$SKGJvW8fEmzCaBFitFjfw.d5eSIW2QEeiW0Ge.zeyVhOdTG4i0RNG,14,2,0
15,Arthur,Kunze,osbaldo32,$2b$10$SKGJvW8fEmzCaBFitFjfw.d5eSIW2QEeiW0Ge.zeyVhOdTG4i0RNG,15,3,0
16,Zola,Bauch,tania.fahey,$2b$10$SKGJvW8fEmzCaBFitFjfw.d5eSIW2QEeiW0Ge.zeyVhOdTG4i0RNG,16,2,0
17,Jannie,Schamberger,andreanne16,$2b$10$SKGJvW8fEmzCaBFitFjfw.d5eSIW2QEeiW0Ge.zeyVhOdTG4i0RNG,17,3,0
18,Bernardo,Ruecker,fahey.dasia,$2b$10$SKGJvW8fEmzCaBFitFjfw.d5eSIW2QEeiW0Ge.zeyVhOdTG4i0RNG,18,1,0
19,Lucile,Koss,xweimann,$2b$10$SKGJvW8fEmzCaBFitFjfw.d5eSIW2QEeiW0Ge.zeyVhOdTG4i0RNG,19,2,0
20,Princess,West,hilma.emard,$2b$10$SKGJvW8fEmzCaBFitFjfw.d5eSIW2QEeiW0Ge.zeyVhOdTG4i0RNG,20,2,0
